Dead Souls,Danil Lazarev,22.03.2016
Dead Souls,Dima Krasnov,27.03.2016
Dead Souls,Danil Lazarev,02.03.2016
Taras Bulba,Dima Krasnov,03.04.2016
Boris Godunov,Danil Lazarev,11.02.2016
Boris Godunov,Danil Lazarev,21.03.2016
Boris Godunov,Adlan Pashaev,25.04.2016
Bird's Shadow,Danil Lazarev,14.03.2016
Dead Souls,Danil Lazarev,22.03.2016
Boris Godunov,Adlan Pashaev,27.03.2016
Taras Bulba,Adlan Pashaev,02.05.2016
Boris Godunov,Dima Krasnov,28.02.2016
The Captain's Daughter,Adlan Pashaev,01.01.2016
Bird's Shadow,Adlan Pashaev,23.02.2016
Taras Bulba,Adlan Pashaev,30.05.2016
Chalice of Life,Danil Lazarev,19.07.2016
Chalice of Life,Ivan Baklan,14.08.2016
Chalice of Life,Ivan Baklan,11.02.2016
Taras Bulba,Adlan Pashaev,12.11.2016
